,model,af_plddt_avg,af_plddt_avg_norm,icps,recall,dproqa,dproqa_norm,pairwise,GNN_sum_score,GNN_pcadscore,voromqa_dark,GNN_sum_score_norm,GNN_pcadscore_norm,voromqa_dark_norm
0,H1129TS257_5,0.7420523,0.7420523166656494,0.0014751818181818,0.0,0.00334,0.00334,0.6095641806020067,-7276.759,0.241,0.516,-7276.759,0.241,0.516
1,H1129TS003_2,0.7700275,0.7700275182723999,0.0035227272727272,0.0,5e-05,5e-05,0.6960041137123746,0.0,0.0,0.0,0.0,0.0,0.0
2,H1129TS434_1,0.8005643,0.8005642890930176,0.0033896551724137,0.0,0.00065,0.00065,0.70234872909699,-581.52,0.203,0.57,-581.52,0.203,0.57
3,H1129TS011_1,0.7982388,0.7982388138771057,0.0021216666666666,0.0,0.00065,0.00065,0.6357933779264213,0.0,0.0,0.0,0.0,0.0,0.0
4,H1129TS086_1,0.8200595,0.8200594782829285,0.003378947368421,0.0,0.00037,0.00037,0.6852390301003344,0.0,0.0,0.0,0.0,0.0,0.0
5,H1129TS098_1,0.72079015,0.7207901477813721,0.0045342857142857,0.0,4e-05,4e-05,0.6502400334448161,0.0,0.0,0.0,0.0,0.0,0.0
6,H1129TS493_4,0.0,0.0,0.0010588235294117,0.0,0.00123,0.00123,0.5172995317725751,1196.281,0.726,0.579,1196.281,0.726,0.579
7,H1129TS446_2,0.8205806,0.8205806016921997,0.0029416666666666,0.0,0.00344,0.00344,0.699590602006689,0.0,0.0,0.0,0.0,0.0,0.0
8,H1129TS446_4,0.76022106,0.7602210640907288,0.0020883333333333,0.0,5e-05,5e-05,0.6834767558528428,0.0,0.0,0.0,0.0,0.0,0.0
9,H1129TS234_5,0.50105256,0.5010525584220886,0.0027272727272727,0.0,0.00095,0.00095,0.6293046488294316,-724.133,0.155,0.546,-724.133,0.155,0.546
10,H1129TS185_5,0.7713697,0.7530169920175299,0.0005287128712871,0.0,0.13434,0.1311437346791636,0.5505948494983277,-170.906,0.422,0.546,-166.83974333093005,0.4119596250901224,0.5330093727469358
11,H1129TS390_1,0.7858024,0.78580242395401,0.00283,0.0,1e-05,1e-05,0.6824689297658862,0.0,0.0,0.0,0.0,0.0,0.0
12,H1129TS098_3,0.7050331,0.7050331234931946,0.002528947368421,0.0,0.0,0.0,0.6705843143812709,-1373.578,0.108,0.552,-1373.578,0.108,0.552
13,H1129TS180_1,0.8929434,0.8929433822631836,0.003275,0.0,0.00514,0.00514,0.6992981270903009,-1145.949,0.113,0.583,-1145.949,0.113,0.583
14,H1129TS073_4,0.7767528,0.7767528295516968,0.0022783783783783,0.0,4e-05,4e-05,0.6444925418060202,-998.03,0.125,0.558,-998.03,0.125,0.558
15,H1129TS398_1,0.7845947,0.784594714641571,0.002025,0.0,0.00068,0.00068,0.593349966555184,-1787.576,0.209,0.569,-1787.576,0.209,0.569
16,H1129TS314_1,0.0,0.0,0.002909009009009,0.0,0.00658,0.00658,0.5187499999999999,1114.013,0.531,0.591,1114.013,0.531,0.591
17,H1129TS091_5,0.7380066,0.738006591796875,0.002742,0.0,8e-05,8e-05,0.6228717391304348,276.345,0.493,0.497,276.345,0.493,0.497
18,H1129TS205_4,0.7535461,0.7535461187362671,0.0021525641025641,0.0,1e-05,1e-05,0.6483153177257525,-440.076,0.31,0.552,-440.076,0.31,0.552
19,H1129TS158_3,0.7838022,0.7838022112846375,0.0030142857142857,0.0,0.00062,0.00062,0.6892084949832775,-407.965,0.187,0.565,-407.965,0.187,0.565
20,H1129TS073_3,0.7745263,0.7745262980461121,0.0028425,0.0,0.00011,0.00011,0.7028705016722407,-1211.48,0.161,0.563,-1211.48,0.161,0.563
21,H1129TS368_1,0.85610884,0.8561088442802429,0.0,0.0,0.0,0.0,0.5088186287625418,0.0,0.0,0.0,0.0,0.0,0.0
22,H1129TS493_3,0.0,0.0,0.0008037735849056,0.0,0.00121,0.00121,0.5188215050167224,427.815,0.474,0.577,427.815,0.474,0.577
23,H1129TS227_2,0.792435,0.7924349904060364,0.0027244897959183,0.0,0.00094,0.00094,0.6334789632107024,-1294.856,0.187,0.57,-1294.856,0.187,0.57
24,H1129TS225_4,0.81951475,0.8195147514343262,0.0010887981330221,0.0,0.00596,0.00596,0.568845016722408,7233.742,0.7,0.517,7233.742,0.7,0.517
25,H1129TS091_4,0.71333635,0.7133363485336304,0.0021797619047619,0.0,0.00091,0.00091,0.5733239799331105,2193.651,0.682,0.499,2193.651,0.682,0.499
26,H1129TS493_1,0.0,0.0,0.0008097560975609,0.0,0.00111,0.00111,0.519595618729097,-33.976,0.434,0.581,-33.976,0.434,0.581
27,H1129TS086_5,0.90580493,0.9058049321174622,0.0024538461538461,0.0,0.00209,0.00209,0.5933184949832776,-858.252,0.091,0.584,-858.252,0.091,0.584
28,H1129TS239_1,0.9207782,0.920778214931488,0.0022638554216867,0.0,0.07507,0.07507,0.6724593645484951,-751.607,0.301,0.563,-751.607,0.301,0.563
29,H1129TS278_5,0.8078837,0.8078836798667908,0.0,0.0,0.0,0.0,0.5123923076923078,0.0,0.0,0.0,0.0,0.0,0.0
30,H1129TS073_1,0.80107206,0.8010720610618591,0.0019379310344827,0.0,0.00016,0.00016,0.6214255183946489,-1438.004,0.18,0.565,-1438.004,0.18,0.565
31,H1129TS133_2,0.8005643,0.8005642890930176,0.0033896551724137,0.0,0.00065,0.00065,0.70234872909699,0.0,0.0,0.0,0.0,0.0,0.0
32,H1129TS461_3,0.7911076,0.7911075949668884,0.002525,0.0,0.00032,0.00032,0.6869735117056857,-420.482,0.208,0.566,-420.482,0.208,0.566
33,H1129TS348_5,0.7470103,0.7470102906227112,0.0019148148148148,0.0,0.0,0.0,0.667841839464883,-1900.719,0.139,0.548,-1900.719,0.139,0.548
34,H1129TS314_3,0.0,0.0,0.0007407407407407,0.0,0.00339,0.00339,0.5189828762541806,-385.111,0.344,0.587,-385.111,0.344,0.587
35,H1129TS165_2,0.4546781,0.4546780884265899,0.0008934782608695,0.0,0.0,0.0,0.5637727759197324,-1497.837,0.203,0.536,-1497.837,0.203,0.536
36,H1129TS187_4,0.74024063,0.7402406334877014,0.00233,0.0,0.0,0.0,0.6729388294314381,0.0,0.0,0.0,0.0,0.0,0.0
37,H1129TS374_1,0.79985034,0.799850344657898,0.0022846153846153,0.0,0.00025,0.00025,0.6196007023411371,-312.226,0.191,0.565,-312.226,0.191,0.565
38,H1129TS011_2,0.8005643,0.8005642890930176,0.0033896551724137,0.0,0.00065,0.00065,0.70234872909699,0.0,0.0,0.0,0.0,0.0,0.0
39,H1129TS447_5,0.20864967,0.2086496651172638,0.0005554455445544,0.0,0.00083,0.00083,0.5073422742474916,815.802,0.5,0.552,815.802,0.5,0.552
40,H1129TS461_4,0.76022106,0.7602210640907288,0.0020883333333333,0.0,5e-05,5e-05,0.6834767558528428,346.818,0.488,0.558,346.818,0.488,0.558
41,H1129TS423_3,0.7875674,0.7875673770904541,0.0033125,0.0,0.00012,0.00012,0.6872077591973245,-743.649,0.116,0.561,-743.649,0.116,0.561
42,H1129TS367_5,0.8200595,0.8200594782829285,0.003378947368421,0.0,0.00037,0.00037,0.6852390301003344,-196.867,0.263,0.573,-196.867,0.263,0.573
43,H1129TS092_1,0.6958672,0.6958671808242798,0.0018824175824175,0.0,1e-05,1e-05,0.6658147491638796,-2180.503,0.108,0.532,-2180.503,0.108,0.532
44,H1129TS441_3,0.66585314,0.6658531427383423,0.00675,0.0,0.0,0.0,0.5033222742474917,-814.254,0.027,0.528,-814.254,0.027,0.528
45,H1129TS125_3,0.77362776,0.773627758026123,0.0031272727272727,0.0,1e-05,1e-05,0.6489369565217391,0.0,0.0,0.0,0.0,0.0,0.0
46,H1129TS054_1,0.76102424,0.7610242366790771,0.0031238095238095,0.0,0.0,0.0,0.660957491638796,0.0,0.0,0.0,0.0,0.0,0.0
47,H1129TS312_1,0.0,0.0,0.0007432432432432,0.0,0.00021,0.0001812328767123,0.6096797324414716,150.428,0.408,0.576,129.82142465753424,0.3521095890410958,0.4970958904109588
48,H1129TS385_1,0.78496164,0.7849616408348083,0.005820103626943,0.0,0.00137,0.00137,0.5861576923076923,5956.678,0.634,0.508,5956.678,0.634,0.508
49,H1129TS494_4,0.60043925,0.5792269049227109,0.0032071428571428,0.0,0.00047,0.0004533958183129,0.5271577257525084,975.665,0.76,0.597,941.1966618601296,0.7331506849315068,0.5759091564527757
50,H1129TS312_3,0.0,0.0,0.0007681818181818,0.0,0.0001,8.630136986301371e-05,0.6423747157190636,-802.951,0.101,0.574,-692.9577123287671,0.0871643835616438,0.4953698630136986
51,H1129TS248_1,0.77897614,0.7789761424064636,0.003075,0.0,0.0,0.0,0.6360309364548495,-593.456,0.199,0.542,-593.456,0.199,0.542
52,H1129TS215_4,0.7426599,0.7426599264144897,0.0008333333333333,0.0,0.0,0.0,0.541490668896321,-142.863,0.1,0.561,-142.863,0.1,0.561
53,H1129TS433_1,0.7000138,0.7000138163566589,0.0,0.0,0.0,0.0,0.515465585284281,0.0,0.0,0.0,0.0,0.0,0.0
54,H1129TS054_3,0.77362776,0.773627758026123,0.0031272727272727,0.0,1e-05,1e-05,0.6489369565217391,0.0,0.0,0.0,0.0,0.0,0.0
55,H1129TS439_3,0.92993164,0.929931640625,0.0019818181818181,0.0,0.05713,0.05713,0.6683786287625418,855.988,0.564,0.571,855.988,0.564,0.571
56,H1129TS125_2,0.7744423,0.7744423151016235,0.0026399999999999,0.0,0.00017,0.00017,0.6377255183946487,0.0,0.0,0.0,0.0,0.0,0.0
57,H1129TS091_3,0.83106285,0.8310628533363342,0.0021198347107438,0.0,0.00159,0.00159,0.6000791638795986,-575.119,0.366,0.498,-575.119,0.366,0.498
58,H1129TS439_5,0.92116,0.9211599826812744,0.0020010638297872,0.0,0.0383,0.0383,0.6741648494983278,442.113,0.505,0.571,442.113,0.505,0.571
59,H1129TS398_3,0.7845947,0.784594714641571,0.0025106796116504,0.0,0.00023,0.00023,0.6946841471571906,-2345.248,0.087,0.567,-2345.248,0.087,0.567
60,H1129TS205_3,0.7291365,0.7291365265846252,0.0024084905660377,0.0,0.0,0.0,0.6839246153846154,266.601,0.424,0.539,266.601,0.424,0.539
61,H1129TS423_1,0.76273966,0.7627396583557129,0.0021361344537815,0.0,0.00022,0.00022,0.6762351505016723,-101.395,0.432,0.562,-101.395,0.432,0.562
62,H1129TS165_4,0.32050523,0.3205052316188812,0.0020228070175438,0.0,0.00011,0.00011,0.6206719732441471,-1680.686,0.098,0.567,-1680.686,0.098,0.567
63,H1129TS257_2,0.74722415,0.7472241520881653,0.0012126984126984,0.0,0.0002,0.0002,0.577949397993311,6108.772,0.637,0.543,6108.772,0.637,0.543
64,H1129TS037_5,0.76306665,0.7630666494369507,0.0019762711864406,0.0,4e-05,4e-05,0.6692585953177257,-462.259,0.246,0.55,-462.259,0.246,0.55
65,H1129TS225_1,0.82517135,0.8251713514328003,0.0016969708588957,0.0,0.00011,0.00011,0.5036307692307692,25368.288,0.699,0.36,25368.288,0.699,0.36
66,H1129TS169_2,0.7632311,0.763231098651886,0.0045342857142857,0.0,4e-05,4e-05,0.6502400334448161,-620.279,0.196,0.56,-620.279,0.196,0.56
67,H1129TS119_4,0.85654545,0.8565454483032227,0.0015350877192982,0.0,0.00243,0.00243,0.5541074916387959,-1411.42,0.052,0.584,-1411.42,0.052,0.584
68,H1129TS073_2,0.7745269,0.7745268940925598,0.0026705882352941,0.0,4e-05,4e-05,0.6649098996655519,-1036.765,0.166,0.563,-1036.765,0.166,0.563
69,H1129TS188_5,0.76545143,0.7654514312744141,0.0024275862068965,0.0,1e-05,1e-05,0.6716998327759197,-1182.102,0.095,0.555,-1182.102,0.095,0.555
70,H1129TS147_3,0.0,0.0,0.0022468085106382,0.0,0.00242,0.00242,0.6413164882943144,1067.614,0.583,0.571,1067.614,0.583,0.571
71,H1129TS133_5,0.792435,0.7924349904060364,0.0027244897959183,0.0,0.00094,0.00094,0.6334789632107024,0.0,0.0,0.0,0.0,0.0,0.0
72,H1129TS035_2,0.77897614,0.7789761424064636,0.0028727272727272,0.0,0.0,0.0,0.6358932441471572,-670.324,0.15,0.557,-670.324,0.15,0.557
73,H1129TS150_1,0.786254,0.7862539887428284,0.00283,0.0,1e-05,1e-05,0.6824689297658862,0.0,0.0,0.0,0.0,0.0,0.0
74,H1129TS234_1,0.50105256,0.5010525584220886,0.0026354838709677,0.0,0.00113,0.00113,0.6189628428093645,0.0,0.0,0.0,0.0,0.0,0.0
75,H1129TS462_2,0.83332586,0.8333258628845215,0.0,0.0,0.0,0.0,0.6371086956521739,-35.305,0.016,0.551,-35.305,0.016,0.551
76,H1129TS446_1,0.7810016,0.781001627445221,0.0028241379310344,0.0,0.00015,0.00015,0.6869422073578595,0.0,0.0,0.0,0.0,0.0,0.0
77,H1129TS461_5,0.7735278,0.7735278010368347,0.0015407407407407,0.0,0.00012,0.00012,0.6687111036789298,-1390.202,0.087,0.563,-1390.202,0.087,0.563
78,H1129TS444_3,0.829598,0.8062711729793643,0.001227659574468,0.0,0.01679,0.0163178947368421,0.6824441806020066,-75.181,0.375,0.575,-73.06704253785146,0.3644556596971881,0.5588320115356884
79,H1129TS035_4,0.8090477,0.8090476989746094,0.0030888888888888,0.0,1e-05,1e-05,0.6186003344481605,45.226,0.432,0.575,45.226,0.432,0.575
80,H1129TS390_2,0.7845947,0.784594714641571,0.0024111111111111,0.0,0.00019,0.00019,0.6754802006688965,-979.126,0.063,0.567,-979.126,0.063,0.567
81,H1129TS133_1,0.7982388,0.7982388138771057,0.0021216666666666,0.0,0.00065,0.00065,0.6357933779264213,0.0,0.0,0.0,0.0,0.0,0.0
82,H1129TS374_4,0.7989377,0.7989376783370972,0.003076923076923,0.0,0.00053,0.00053,0.7025564548494985,-430.424,0.188,0.57,-430.424,0.188,0.57
83,H1129TS234_2,0.50105256,0.5010525584220886,0.0026648648648648,0.0,0.00096,0.00096,0.6310616053511706,-700.362,0.135,0.546,-700.362,0.135,0.546
84,H1129TS158_1,0.7855009,0.7855008840560913,0.0028133333333333,0.0,7e-05,7e-05,0.7019444481605351,0.0,0.0,0.0,0.0,0.0,0.0
85,H1129TS493_5,0.786254,0.7862539887428284,0.0031851851851851,0.0,2e-05,2e-05,0.6817001337792642,218.679,0.384,0.542,218.679,0.384,0.542
86,H1129TS314_5,0.0,0.0,0.0031246913580246,0.0,0.00814,0.00814,0.5074339464882944,-761.219,0.297,0.578,-761.219,0.297,0.578
87,H1129TS037_4,0.77142644,0.7714264392852783,0.0066646370023419,0.0,0.00235,0.00235,0.6650335451505017,6398.791,0.804,0.569,6398.791,0.804,0.569
88,H1129TS368_2,0.83983564,0.8398356437683105,0.0,0.0,0.0,0.0,0.5109709030100335,0.0,0.0,0.0,0.0,0.0,0.0
89,H1129TS398_4,0.7845947,0.784594714641571,0.0029456790123456,0.0,0.00036,0.00036,0.5791553511705687,-2468.421,0.059,0.569,-2468.421,0.059,0.569
90,H1129TS399_3,0.77362776,0.773627758026123,0.0031272727272727,0.0,1e-05,1e-05,0.6489369565217391,-749.793,0.124,0.554,-749.793,0.124,0.554
91,H1129TS374_2,0.81945574,0.8194557428359985,0.0028472222222222,0.0,0.00692,0.00692,0.7062482274247492,-533.809,0.252,0.587,-533.809,0.252,0.587
92,H1129TS298_2,0.7778834,0.7778834104537964,0.0033875,0.0,2e-05,2e-05,0.6357563545150502,-782.561,0.112,0.555,-782.561,0.112,0.555
93,H1129TS312_5,0.0,0.0,0.000575,0.0,0.00013,0.0001134102379235,0.6017484615384615,-1008.26,0.059,0.57,-879.5923576063445,0.0514708002883922,0.4972602739726027
94,H1129TS071_1,0.7762603,0.7762603163719177,0.0024125,0.0,0.0016,0.0016,0.6803279933110368,-1321.835,0.117,0.571,-1321.835,0.117,0.571
95,H1129TS317_1,0.9338205,0.9338204860687256,0.0020290697674418,0.0,0.04948,0.04948,0.6768698327759197,0.0,0.0,0.0,0.0,0.0,0.0
96,H1129TS320_1,0.786254,0.7862539887428284,0.00283,0.0,1e-05,1e-05,0.6824689297658862,0.0,0.0,0.0,0.0,0.0,0.0
97,H1129TS447_2,0.20977549,0.2097754925489425,0.0012150943396226,0.0,0.00025,0.00025,0.5067356856187292,691.27,0.526,0.56,691.27,0.526,0.56
98,H1129TS461_2,0.8205806,0.8205806016921997,0.0029416666666666,0.0,0.00344,0.00344,0.699590602006689,372.016,0.446,0.58,372.016,0.446,0.58
99,H1129TS180_2,0.89310724,0.8931072354316711,0.00352,0.0,0.00512,0.00512,0.6938383612040134,-611.932,0.13,0.585,-611.932,0.13,0.585
100,H1129TS298_5,0.7526604,0.7526603937149048,0.0023699999999999,0.0,1e-05,1e-05,0.632346889632107,-497.956,0.327,0.547,-497.956,0.327,0.547
101,H1129TS245_5,0.80793136,0.8079313635826111,0.0009723651452282,0.0,0.00125,0.00125,0.5755552508361204,10394.347,0.72,0.496,10394.347,0.72,0.496
102,H1129TS444_5,0.87944806,0.8547195239984996,0.0010425531914893,0.0,0.13282,0.129085335255948,0.5996772909698997,-1899.332,0.138,0.587,-1845.9261254506123,0.1341196827685652,0.5704945926459984
103,H1129TS071_4,0.7557513,0.7557513117790222,0.0026054054054054,0.0,0.00087,0.00087,0.6945301337792642,-1430.363,0.062,0.564,-1430.363,0.062,0.564
104,H1129TS003_3,0.7838022,0.7838022112846375,0.0030142857142857,0.0,0.00062,0.00062,0.6892084949832775,0.0,0.0,0.0,0.0,0.0,0.0
105,H1129TS185_1,0.78841484,0.7696565882112795,0.0016949367088607,0.0,0.03105,0.0303112472963229,0.5624568896321072,-1040.156,0.238,0.537,-1015.4082364816148,0.2323374188896899,0.5242235039653929
106,H1129TS368_3,0.845646,0.8456460237503052,0.0,0.0,0.0,0.0,0.5075769230769231,0.0,0.0,0.0,0.0,0.0,0.0
107,H1129TS003_1,0.7855009,0.7855008840560913,0.0028133333333333,0.0,7e-05,7e-05,0.7019444481605351,0.0,0.0,0.0,0.0,0.0,0.0
108,H1129TS312_4,0.0,0.0,0.0003733333333333,0.0,0.0002,0.000172602739726,0.5006339799331103,-1508.205,0.167,0.58,-1301.6015753424656,0.1441232876712329,0.5005479452054794
109,H1129TS433_4,0.6692916,0.669291615486145,0.0,0.0,0.0,0.0,0.516010635451505,0.0,0.0,0.0,0.0,0.0,0.0
110,H1129TS227_3,0.7792007,0.7792006731033325,0.002376923076923,0.0,2e-05,2e-05,0.7013190301003345,-96.09,0.269,0.562,-96.09,0.269,0.562
111,H1129TS350_3,0.0,0.0,0.0022852564102564,0.0,0.04443,0.0442057678442682,0.6193826755852844,1066.821,0.528,0.528,1061.4368997837057,0.5253352559480894,0.5253352559480894
112,H1129TS003_5,0.799605,0.7996050119400024,0.0029075,0.0,0.00259,0.00259,0.7029783612040134,0.0,0.0,0.0,0.0,0.0,0.0
113,H1129TS150_3,0.7780671,0.7780671119689941,0.0029833333333333,0.0,6e-05,6e-05,0.686128695652174,0.0,0.0,0.0,0.0,0.0,0.0
114,H1129TS187_3,0.7875674,0.7875673770904541,0.0033125,0.0,0.00012,0.00012,0.6872077591973245,0.0,0.0,0.0,0.0,0.0,0.0
115,H1129TS434_5,0.7742447,0.7742447257041931,0.0030875,0.0,1e-05,1e-05,0.6947312040133778,-548.282,0.189,0.552,-548.282,0.189,0.552
116,H1129TS314_4,0.0,0.0,0.0011085714285714,0.0,0.00867,0.00867,0.5061938795986621,1293.679,0.483,0.583,1293.679,0.483,0.583
117,H1129TS462_5,0.80868167,0.8086816668510437,0.0026562499999999,0.0,0.0,0.0,0.6713133110367893,-493.477,0.119,0.554,-493.477,0.119,0.554
118,H1129TS054_2,0.7744423,0.7744423151016235,0.0026399999999999,0.0,0.00017,0.00017,0.6377255183946487,0.0,0.0,0.0,0.0,0.0,0.0
119,H1129TS374_3,0.79101586,0.7910158634185791,0.0020915662650602,0.0,0.00141,0.00141,0.6866992307692308,-1689.724,0.174,0.572,-1689.724,0.174,0.572
120,H1129TS320_5,0.779761,0.779761016368866,0.0025235294117647,0.0,5e-05,5e-05,0.6611215050167224,0.0,0.0,0.0,0.0,0.0,0.0
121,H1129TS444_4,0.80089617,0.7783763764483856,0.0014681818181818,0.0,0.0179,0.0173966834895457,0.6767438795986623,-990.179,0.265,0.569,-962.336908435472,0.2575486661860129,0.5530007209805334
122,H1129TS054_5,0.765051,0.765051007270813,0.0021761904761904,0.0,0.0,0.0,0.6732976923076923,0.0,0.0,0.0,0.0,0.0,0.0
123,H1129TS205_2,0.7326945,0.7326945066452026,0.0026917647058823,0.0,0.0,0.0,0.683106220735786,-550.74,0.318,0.545,-550.74,0.318,0.545
124,H1129TS333_4,0.8868983,0.8868982791900635,0.0,0.0,0.0,0.0,0.467466856187291,0.0,0.0,0.0,0.0,0.0,0.0
125,H1129TS360_1,0.74841654,0.748416543006897,0.0022702127659574,0.0,0.0,0.0,0.6675221070234113,-1692.807,0.19,0.542,-1692.807,0.19,0.542
126,H1129TS433_2,0.6963502,0.6963502168655396,0.0,0.0,0.0,0.0,0.5184566220735786,0.0,0.0,0.0,0.0,0.0,0.0
127,H1129TS188_2,0.7715069,0.7715069055557251,0.0029714285714285,0.0,1e-05,1e-05,0.6339922742474917,-240.315,0.29,0.557,-240.315,0.29,0.557
128,H1129TS003_4,0.8200595,0.8200594782829285,0.003378947368421,0.0,0.00037,0.00037,0.6852390301003344,0.0,0.0,0.0,0.0,0.0,0.0
129,H1129TS131_3,0.775708,0.775708019733429,0.002576923076923,0.0,0.0,0.0,0.6244308026755853,-144.088,0.286,0.566,-144.088,0.286,0.566
130,H1129TS187_5,0.77436036,0.7743603587150574,0.0024125,0.0,0.00016,0.00016,0.69412618729097,0.0,0.0,0.0,0.0,0.0,0.0
131,H1129TS035_3,0.8172823,0.8172823190689087,0.0022166666666666,0.0,1e-05,1e-05,0.6338472909698996,-359.991,0.135,0.569,-359.991,0.135,0.569
132,H1129TS439_2,0.93256825,0.9325682520866394,0.0020551020408163,0.0,0.06095,0.06095,0.6722929431438127,1276.654,0.607,0.572,1276.654,0.607,0.572
133,H1129TS350_4,0.0,0.0,0.0023342592592592,0.0,0.02936,0.02936,0.5960533444816053,2701.274,0.681,0.483,2701.274,0.681,0.483
134,H1129TS131_4,0.76319927,0.7631992697715759,0.0009555555555555,0.0,4e-05,4e-05,0.6596488294314382,-565.697,0.233,0.564,-565.697,0.233,0.564
135,H1129TS399_2,0.7744423,0.7744423151016235,0.0026399999999999,0.0,0.00017,0.00017,0.6377255183946487,-800.201,0.096,0.557,-800.201,0.096,0.557
136,H1129TS215_1,0.8027743,0.8027743101119995,0.0011166666666666,0.0,0.00011,0.00011,0.5112665217391303,-177.227,0.139,0.577,-177.227,0.139,0.577
137,H1129TS125_1,0.76102424,0.7610242366790771,0.0031238095238095,0.0,0.0,0.0,0.660957491638796,0.0,0.0,0.0,0.0,0.0,0.0
138,H1129TS494_5,0.5831003,0.534753861320732,0.0011809523809523,0.0,8e-05,7.336697909156453e-05,0.541742608695652,713.05,0.706,0.582,653.929055515501,0.6474635904830568,0.5337447728911318
139,H1129TS441_1,0.7000138,0.7000138163566589,0.0,0.0,0.0,0.0,0.515465585284281,-295.755,0.037,0.538,-295.755,0.037,0.538
140,H1129TS011_3,0.78884363,0.7888436317443848,0.0023258064516129,0.0,9e-05,9e-05,0.6938735117056857,0.0,0.0,0.0,0.0,0.0,0.0
141,H1129TS158_4,0.8200595,0.8200594782829285,0.003378947368421,0.0,0.00037,0.00037,0.6852390301003344,0.0,0.0,0.0,0.0,0.0,0.0
142,H1129TS147_5,0.0,0.0,0.0025114942528735,0.0,0.00037,0.00037,0.6848101672240803,3957.19,0.915,0.564,3957.19,0.915,0.564
143,H1129TS360_2,0.77051765,0.7705176472663879,0.0024677419354838,0.0,1e-05,1e-05,0.6650180267558529,-942.019,0.176,0.556,-942.019,0.176,0.556
144,H1129TS447_4,0.20989093,0.2098909318447113,0.0017051724137931,0.0,0.00048,0.00048,0.5079764214046822,766.427,0.493,0.554,766.427,0.493,0.554
145,H1129TS098_4,0.7023892,0.7023891806602478,0.0028294117647058,0.0,0.0,0.0,0.6960647491638796,-1305.011,0.076,0.548,-1305.011,0.076,0.548
146,H1129TS360_5,0.77792275,0.7779227495193481,0.0023421052631578,0.0,0.00033,0.00033,0.6711889632107024,-827.695,0.235,0.56,-827.695,0.235,0.56
147,H1129TS248_3,0.8090477,0.8090476989746094,0.0030888888888888,0.0,1e-05,1e-05,0.6186803344481605,0.0,0.0,0.0,0.0,0.0,0.0
148,H1129TS180_5,0.88298386,0.8829838633537292,0.0028489795918367,0.0,0.00235,0.00235,0.6962877591973244,-1346.423,0.077,0.585,-1346.423,0.077,0.585
149,H1129TS439_1,0.9338205,0.9338204860687256,0.0020290697674418,0.0,0.03335,0.03335,0.676888795986622,1341.834,0.593,0.571,1341.834,0.593,0.571
150,H1129TS360_3,0.74827343,0.7482734322547913,0.0024123287671232,0.0,0.0,0.0,0.6707657525083612,-1614.929,0.12,0.541,-1614.929,0.12,0.541
151,H1129TS493_2,0.0,0.0,0.0004985714285714,0.0,0.00173,0.00173,0.5195008026755853,298.401,0.464,0.58,298.401,0.464,0.58
152,H1129TS185_3,0.7815084,0.7629144591398176,0.0018723577235772,0.0,0.01357,0.0132471377072819,0.5638460869565217,-120.33,0.395,0.529,-117.46706560922853,0.3856020187454938,0.5164138428262436
153,H1129TS086_3,0.7855009,0.7855008840560913,0.0028133333333333,0.0,7e-05,7e-05,0.7019444481605351,0.0,0.0,0.0,0.0,0.0,0.0
154,H1129TS131_5,0.7867962,0.7867962121963501,0.0008,0.0,1e-05,1e-05,0.6389370903010033,-168.817,0.108,0.56,-168.817,0.108,0.56
155,H1129TS350_1,0.0,0.0,0.002489932885906,0.0,0.03683,0.03683,0.6166447491638796,0.0,0.0,0.0,0.0,0.0,0.0
156,H1129TS446_5,0.7735278,0.7735278010368347,0.0015407407407407,0.0,0.00012,0.00012,0.6687111036789298,0.0,0.0,0.0,0.0,0.0,0.0
157,H1129TS158_5,0.7991011,0.7991011142730713,0.003435294117647,0.0,5e-05,5e-05,0.6670969230769231,-1026.068,0.056,0.567,-1026.068,0.056,0.567
158,H1129TS398_2,0.7845947,0.784594714641571,0.0028402597402597,0.0,0.00036,0.00036,0.6393453177257526,-1662.885,0.153,0.568,-1662.885,0.153,0.568
159,H1129TS054_4,0.72981477,0.7298147678375244,0.0033047619047619,0.0,0.0,0.0,0.639709966555184,0.0,0.0,0.0,0.0,0.0,0.0
160,H1129TS035_5,0.7790749,0.7790749073028564,0.0037461538461538,0.0,5e-05,5e-05,0.6580846822742475,-617.385,0.216,0.565,-617.385,0.216,0.565
161,H1129TS320_3,0.7780671,0.7780671119689941,0.0029833333333333,0.0,6e-05,6e-05,0.686128695652174,0.0,0.0,0.0,0.0,0.0,0.0
162,H1129TS462_1,0.8476647,0.8476647138595581,0.00275,0.0,0.0,0.0,0.6160405351170569,-150.765,0.028,0.552,-150.765,0.028,0.552
163,H1129TS441_4,0.6692916,0.669291615486145,0.0,0.0,0.0,0.0,0.516010635451505,-139.801,0.106,0.51,-139.801,0.106,0.51
164,H1129TS447_1,0.21080907,0.2108090668916702,0.0019857142857142,0.0,0.00039,0.00039,0.5076320066889632,1626.13,0.578,0.56,1626.13,0.578,0.56
165,H1129TS257_3,0.74722415,0.7472241520881653,0.0016946236559139,0.0,0.00459,0.00459,0.5610961872909699,5328.813,0.599,0.534,5328.813,0.599,0.534
166,H1129TS312_2,0.0,0.0,0.0002111111111111,0.0,0.0001,8.630136986301371e-05,0.5003709364548494,-1128.738,0.188,0.584,-974.1163561643835,0.1622465753424657,0.504
167,H1129TS185_4,0.78034294,0.7617767383146388,0.0014937142857142,0.0,0.10734,0.1047861283345349,0.6160016387959866,350.81,0.433,0.551,342.4634030281182,0.4226979091564527,0.5378904109589041
168,H1129TS073_5,0.8094017,0.8094016909599304,0.0029166666666666,0.0,0.00016,0.00016,0.7009177926421405,-429.698,0.223,0.569,-429.698,0.223,0.569
169,H1129TS169_3,0.7858024,0.78580242395401,0.00283,0.0,1e-05,1e-05,0.6824615719063546,348.624,0.402,0.559,348.624,0.402,0.559
170,H1129TS188_4,0.76868993,0.7686899304389954,0.0027526315789473,0.0,4e-05,4e-05,0.6918653846153846,-47.404,0.339,0.554,-47.404,0.339,0.554
171,H1129TS071_2,0.7607171,0.7607170939445496,0.002556,0.0,0.00055,0.00055,0.6845456856187291,-1467.285,0.087,0.569,-1467.285,0.087,0.569
172,H1129TS037_3,0.7634804,0.7634804248809814,0.0025632653061224,0.0,0.0005,0.0005,0.6678016722408028,-1466.878,0.095,0.572,-1466.878,0.095,0.572
173,H1129TS091_1,0.86962265,0.8696226477622986,0.0029035714285714,0.0,0.00049,0.00049,0.6057407692307692,4008.079,0.816,0.497,4008.079,0.816,0.497
174,H1129TS367_1,0.7855009,0.7855008840560913,0.0028133333333333,0.0,7e-05,7e-05,0.7019444481605351,-487.747,0.139,0.564,-487.747,0.139,0.564
175,H1129TS462_4,0.8145225,0.8145225048065186,0.0036666666666666,0.0,0.0,0.0,0.6774464882943144,-285.657,0.079,0.552,-285.657,0.079,0.552
176,H1129TS169_1,0.7632311,0.763231098651886,0.0045342857142857,0.0,4e-05,4e-05,0.6502400334448161,0.0,0.0,0.0,0.0,0.0,0.0
177,H1129TS158_2,0.7700275,0.7700275182723999,0.0035227272727272,0.0,5e-05,5e-05,0.6960041137123746,-45.957,0.34,0.561,-45.957,0.34,0.561
178,H1129TS368_5,0.90019244,0.9001924395561218,0.0,0.0,0.0,0.0,0.49145558528428096,0.0,0.0,0.0,0.0,0.0,0.0
179,H1129TS314_2,0.0,0.0,0.0005873239436619,0.0,0.0056,0.0056,0.5161545150501672,1884.174,0.619,0.586,1884.174,0.619,0.586
180,H1129TS248_2,0.7949333,0.7949333190917969,0.0028166666666666,0.0,0.0,0.0,0.6314666889632107,-344.929,0.248,0.544,-344.929,0.248,0.544
181,H1129TS125_4,0.72981477,0.7298147678375244,0.0033047619047619,0.0,0.0,0.0,0.639709966555184,0.0,0.0,0.0,0.0,0.0,0.0
182,H1129TS390_5,0.7793136,0.7793136239051819,0.0025235294117647,0.0,5e-05,5e-05,0.6611215050167224,-115.118,0.344,0.562,-115.118,0.344,0.562
183,H1129TS441_2,0.6963502,0.6963502168655396,0.0,0.0,0.0,0.0,0.5184566220735786,-323.66,0.064,0.529,-323.66,0.064,0.529
184,H1129TS071_3,0.7485047,0.7485046982765198,0.0029811320754716,0.0,8e-05,8e-05,0.6936498996655518,-1381.784,0.08,0.561,-1381.784,0.08,0.561
185,H1129TS239_4,0.9168481,0.916848123073578,0.0022864197530864,0.0,0.02763,0.02763,0.6830145819397994,-793.377,0.31,0.568,-793.377,0.31,0.568
186,H1129TS423_5,0.77436036,0.7743603587150574,0.0024125,0.0,0.00016,0.00016,0.69412618729097,-1611.106,0.13,0.565,-1611.106,0.13,0.565
187,H1129TS434_3,0.7989568,0.7989568114280701,0.0024033898305084,0.0,0.00117,0.00117,0.6283673244147158,-208.178,0.363,0.573,-208.178,0.363,0.573
188,H1129TS441_5,0.6624425,0.6624425053596497,0.0,0.0,0.0,0.0,0.5265191638795987,-183.725,0.035,0.485,-183.725,0.035,0.485
189,H1129TS399_4,0.72981477,0.7298147678375244,0.0033047619047619,0.0,0.0,0.0,0.639709966555184,-1153.142,0.253,0.535,-1153.142,0.253,0.535
190,H1129TS278_3,0.79019654,0.7901965379714966,0.0032666666666666,0.0,0.00016,0.00016,0.6792973913043479,-565.925,0.085,0.564,-565.925,0.085,0.564
191,H1129TS367_2,0.79558814,0.7955881357192993,0.003175,0.0,0.00035,0.00035,0.6978202006688963,-600.912,0.231,0.567,-600.912,0.231,0.567
192,H1129TS098_2,0.7050331,0.7050331234931946,0.002528947368421,0.0,0.0,0.0,0.6705843143812709,0.0,0.0,0.0,0.0,0.0,0.0
193,H1129TS225_3,0.8203674,0.8203673958778381,0.0009881763527054,0.0,0.0013,0.0013,0.6169768227424749,1113.822,0.473,0.555,1113.822,0.473,0.555
194,H1129TS119_2,0.786254,0.7862539887428284,0.00283,0.0,1e-05,1e-05,0.6824689297658862,0.0,0.0,0.0,0.0,0.0,0.0
195,H1129TS165_1,0.53454167,0.534541666507721,0.0023558823529411,0.0,0.00023,0.00023,0.6339415719063545,-1488.806,0.18,0.564,-1488.806,0.18,0.564
196,H1129TS098_5,0.6928024,0.6928024291992188,0.0023883720930232,0.0,0.0,0.0,0.6341021070234113,-962.638,0.101,0.536,-962.638,0.101,0.536
197,H1129TS390_3,0.77762514,0.7776251435279846,0.0029833333333333,0.0,6e-05,6e-05,0.686128695652174,-215.006,0.285,0.568,-215.006,0.285,0.568
198,H1129TS423_4,0.74024063,0.7402406334877014,0.00233,0.0,0.0,0.0,0.6729388294314381,-718.381,0.337,0.554,-718.381,0.337,0.554
199,H1129TS119_3,0.7771031,0.7771031260490417,0.00228,0.0,0.00015,0.00015,0.6061558528428095,-374.992,0.262,0.561,-374.992,0.262,0.561
200,H1129TS227_5,0.7428115,0.7428115010261536,0.00226,0.0,0.0,0.0,0.64593127090301,-590.251,0.238,0.551,-590.251,0.238,0.551
201,H1129TS035_1,0.7949333,0.7949333190917969,0.0027923076923076,0.0,0.0,0.0,0.6315928428093646,-523.631,0.166,0.56,-523.631,0.166,0.56
202,H1129TS298_4,0.7586956,0.7586956024169922,0.0017833333333333,0.0,0.0,0.0,0.6818007023411371,-518.877,0.101,0.552,-518.877,0.101,0.552
203,H1129TS245_3,0.7927003,0.7927002906799316,0.0022696128811236,0.0,0.00251,0.00251,0.5156509698996655,24637.227,0.685,0.295,24637.227,0.685,0.295
204,H1129TS125_5,0.765051,0.765051007270813,0.0021761904761904,0.0,0.0,0.0,0.6732976923076923,0.0,0.0,0.0,0.0,0.0,0.0
205,H1129TS333_3,0.845646,0.8456460237503052,0.0,0.0,0.0,0.0,0.5075769230769231,0.0,0.0,0.0,0.0,0.0,0.0
206,H1129TS150_5,0.779761,0.779761016368866,0.0025235294117647,0.0,5e-05,5e-05,0.6611215050167224,0.0,0.0,0.0,0.0,0.0,0.0
207,H1129TS367_3,0.799605,0.7996050119400024,0.0029075,0.0,0.00259,0.00259,0.7029783612040134,-899.833,0.121,0.58,-899.833,0.121,0.58
208,H1129TS494_2,0.60534835,0.5839625742251527,0.0005963636363636,0.0,0.00069,0.0006656236481614,0.5189757525083613,1471.26,0.774,0.603,1419.2832588320114,0.7466560922855082,0.5816971881759192
209,H1129TS150_2,0.7850405,0.7850404977798462,0.0024111111111111,0.0,0.00019,0.00019,0.6754802006688965,0.0,0.0,0.0,0.0,0.0,0.0
210,H1129TS187_1,0.76273966,0.7627396583557129,0.0021361344537815,0.0,0.00022,0.00022,0.6762351505016723,0.0,0.0,0.0,0.0,0.0,0.0
211,H1129TS433_3,0.66585314,0.6658531427383423,0.00675,0.0,0.0,0.0,0.5033222742474917,0.0,0.0,0.0,0.0,0.0,0.0
212,H1129TS185_2,0.78589624,0.7671979172417132,0.0009893805309734,0.0,0.05795,0.0565712328767123,0.5702682608695653,-1579.479,0.227,0.531,-1541.899470800288,0.2215991348233597,0.518366258111031
213,H1129TS278_4,0.78601015,0.7860101461410522,0.0034285714285714,0.0,0.00029,0.00029,0.6367535785953177,-606.827,0.156,0.568,-606.827,0.156,0.568
214,H1129TS348_1,0.7812911,0.781291127204895,0.002203448275862,0.0,0.00011,0.00011,0.6708427424749164,989.196,0.583,0.566,989.196,0.583,0.566
215,H1129TS227_1,0.7982388,0.7982388138771057,0.0021216666666666,0.0,0.00065,0.00065,0.6357933779264213,-265.062,0.356,0.571,-265.062,0.356,0.571
216,H1129TS333_5,0.90019244,0.9001924395561218,0.0,0.0,0.0,0.0,0.49145558528428096,0.0,0.0,0.0,0.0,0.0,0.0
217,H1129TS462_3,0.8198322,0.8198322057723999,0.0027249999999999,0.0,0.0,0.0,0.668443110367893,-310.43,0.049,0.551,-310.43,0.049,0.551
218,H1129TS494_1,0.5939361,0.5939360857009888,0.0020255813953488,0.0,0.00796,0.00796,0.6770160869565217,2114.954,0.651,0.594,2114.954,0.651,0.594
219,H1129TS011_4,0.7989568,0.7989568114280701,0.0024033898305084,0.0,0.00117,0.00117,0.6283673244147158,0.0,0.0,0.0,0.0,0.0,0.0
220,H1129TS091_2,0.8568376,0.8568375706672668,0.0024413793103448,0.0,0.0039,0.0039,0.603014347826087,1374.766,0.61,0.5,1374.766,0.61,0.5
221,H1129TS188_1,0.70523024,0.7052302360534668,0.0040862068965517,0.0,3e-05,3e-05,0.6476416722408026,-582.822,0.16,0.546,-582.822,0.16,0.546
222,H1129TS133_3,0.78884363,0.7888436317443848,0.0023258064516129,0.0,9e-05,9e-05,0.6938735117056857,0.0,0.0,0.0,0.0,0.0,0.0
223,H1129TS187_2,0.7558444,0.7558444142341614,0.0033162790697674,0.0,2e-05,2e-05,0.6262344816053511,0.0,0.0,0.0,0.0,0.0,0.0
224,H1129TS165_3,0.4285689,0.4285688996315002,0.0009765517241379,0.0,1e-05,1e-05,0.5608770234113712,-1853.226,0.239,0.53,-1853.226,0.239,0.53
225,H1129TS444_2,0.80089617,0.7783763764483856,0.0006431818181818,0.0,0.01771,0.0172120259552992,0.5842026086956522,-2522.946,0.071,0.57,-2452.0051968276853,0.0690036049026676,0.5539726027397259
226,H1129TS011_5,0.792435,0.7924349904060364,0.0027244897959183,0.0,0.00094,0.00094,0.6334789632107024,0.0,0.0,0.0,0.0,0.0,0.0
227,H1129TS447_3,0.20991053,0.2099105268716812,0.0009734513274336,0.0,0.00065,0.00065,0.5085299331103679,-294.971,0.363,0.558,-294.971,0.363,0.558
228,H1129TS360_4,0.7440954,0.7440953850746155,0.001958904109589,0.0,0.0,0.0,0.6888292976588629,-801.502,0.27,0.546,-801.502,0.27,0.546
229,H1129TS350_2,0.0,0.0,0.0023606666666666,0.0,0.03929,0.0390917087238644,0.6191262541806021,767.607,0.496,0.525,763.7329920692141,0.4934967555875991,0.5223503965392934
230,H1129TS350_5,0.0,0.0,0.002489932885906,0.0,0.03683,0.03683,0.6166447491638796,-1224.621,0.287,0.522,-1224.621,0.287,0.522
231,H1129TS245_4,0.8385039,0.838503897190094,0.0008785714285714,0.0,0.00195,0.00195,0.5200804347826087,9982.845,0.586,0.399,9982.845,0.586,0.399
232,H1129TS390_4,0.78709954,0.7870995402336121,0.0028166666666666,0.0,9e-05,9e-05,0.670298060200669,-787.974,0.118,0.567,-787.974,0.118,0.567
233,H1129TS348_3,0.7440954,0.7440953850746155,0.001958904109589,0.0,0.0,0.0,0.6888292976588629,0.0,0.0,0.0,0.0,0.0,0.0
234,H1129TS399_5,0.765051,0.765051007270813,0.0021761904761904,0.0,0.0,0.0,0.6732976923076923,-1595.198,0.13,0.55,-1595.198,0.13,0.55
235,H1129TS433_5,0.6624425,0.6624425053596497,0.0,0.0,0.0,0.0,0.5265191638795987,0.0,0.0,0.0,0.0,0.0,0.0
236,H1129TS278_2,0.7949027,0.7949026823043823,0.0042142857142857,0.0,0.00014,0.00014,0.6229788628762541,-919.369,0.066,0.574,-919.369,0.066,0.574
237,H1129TS227_4,0.77142996,0.7714299559593201,0.00311,0.0,0.0,0.0,0.6888807692307692,-83.247,0.323,0.55,-83.247,0.323,0.55
238,H1129TS257_4,0.7669114,0.7669113874435425,0.0015422867513611,0.0,0.00969,0.00969,0.5993194983277593,3534.871,0.563,0.532,3534.871,0.563,0.532
239,H1129TS147_1,0.0,0.0,0.0021828282828282,0.0,0.00394,0.00394,0.6175759197324415,-163.834,0.447,0.578,-163.834,0.447,0.578
240,H1129TS071_5,0.76499856,0.7649985551834106,0.00246,0.0,0.00025,0.00025,0.6696013377926422,-859.885,0.145,0.561,-859.885,0.145,0.561
241,H1129TS119_5,0.85654545,0.8565454483032227,0.0029411764705882,0.0,0.00304,0.00304,0.5216039799331104,-969.923,0.062,0.585,-969.923,0.062,0.585
242,H1129TS215_5,0.6725276,0.6725276112556458,0.0009,0.0,0.0,0.0,0.5602323076923077,-543.373,0.096,0.511,-543.373,0.096,0.511
243,H1129TS086_4,0.7838022,0.7838022112846375,0.0030142857142857,0.0,0.00062,0.00062,0.6892084949832775,0.0,0.0,0.0,0.0,0.0,0.0
244,H1129TS446_3,0.7911076,0.7911075949668884,0.002525,0.0,0.00032,0.00032,0.6869735117056857,0.0,0.0,0.0,0.0,0.0,0.0
245,H1129TS215_2,0.79364663,0.7936466336250305,0.0016150442477876,0.0,0.00024,0.00024,0.5513007692307692,-978.346,0.305,0.558,-978.346,0.305,0.558
246,H1129TS037_2,0.7501195,0.7501195073127747,0.0030361111111111,0.0,0.0,0.0,0.6623863545150501,-1257.529,0.105,0.542,-1257.529,0.105,0.542
247,H1129TS131_1,0.7832816,0.7832816243171692,0.0039,0.0,1e-05,1e-05,0.6602563879598663,-160.583,0.082,0.56,-160.583,0.082,0.56
248,H1129TS133_4,0.7989568,0.7989568114280701,0.0024033898305084,0.0,0.00117,0.00117,0.6283673244147158,0.0,0.0,0.0,0.0,0.0,0.0
249,H1129TS320_2,0.7850405,0.7850404977798462,0.0024111111111111,0.0,0.00019,0.00019,0.6754802006688965,0.0,0.0,0.0,0.0,0.0,0.0
250,H1129TS368_4,0.8868983,0.8868982791900635,0.0,0.0,0.0,0.0,0.467466856187291,0.0,0.0,0.0,0.0,0.0,0.0
251,H1129TS333_2,0.83983564,0.8398356437683105,0.0,0.0,0.0,0.0,0.5109709030100335,0.0,0.0,0.0,0.0,0.0,0.0
252,H1129TS150_4,0.7875644,0.7875643968582153,0.0028166666666666,0.0,9e-05,9e-05,0.670298060200669,0.0,0.0,0.0,0.0,0.0,0.0
253,H1129TS234_3,0.50105256,0.5010525584220886,0.003144,0.0,0.00086,0.00086,0.6222812374581939,-435.25,0.226,0.548,-435.25,0.226,0.548
254,H1129TS248_5,0.7790749,0.7790749073028564,0.0038714285714285,0.0,5e-05,5e-05,0.6578051170568562,0.0,0.0,0.0,0.0,0.0,0.0
255,H1129TS147_2,0.0,0.0,0.0023693181818181,0.0,0.00045,0.00045,0.6674565217391305,941.026,0.596,0.566,941.026,0.596,0.566
256,H1129TS205_5,0.7567732,0.7567731738090515,0.0024696428571428,0.0,2e-05,2e-05,0.6237438461538461,-538.515,0.28,0.557,-538.515,0.28,0.557
257,H1129TS086_2,0.9059196,0.90591961145401,0.0023230769230769,0.0,0.00198,0.00198,0.5986917056856188,-305.531,0.282,0.584,-305.531,0.282,0.584
258,H1129TS434_2,0.78884363,0.7888436317443848,0.0023258064516129,0.0,9e-05,9e-05,0.6938735117056857,-1368.406,0.196,0.566,-1368.406,0.196,0.566
259,H1129TS477_1,0.7859825,0.7633153665985405,0.0014863636363636,0.0,0.0,0.0,0.626087491638796,0.0,0.0,0.0,0.0,0.0,0.0
260,H1129TS434_4,0.7308058,0.7308058142662048,0.0027736842105263,0.0,1e-05,1e-05,0.6228609030100335,-267.994,0.261,0.55,-267.994,0.261,0.55
261,H1129TS169_5,0.75560236,0.7556023597717285,0.0026688888888888,0.0,1e-05,1e-05,0.6954939799331104,-1164.137,0.142,0.554,-1164.137,0.142,0.554
262,H1129TS444_1,0.80089617,0.7783763764483856,0.0014125,0.0,0.02533,0.024617764960346,0.6628672909698997,976.389,0.471,0.573,948.9346589762076,0.4577563085796682,0.5568882480173034
263,H1129TS169_4,0.75450295,0.7545029520988464,0.0032851851851851,0.0,1e-05,1e-05,0.624857424749164,64.049,0.375,0.555,64.049,0.375,0.555
264,H1129TS461_1,0.7810016,0.781001627445221,0.0028241379310344,0.0,0.00015,0.00015,0.6869422073578595,-346.135,0.294,0.571,-346.135,0.294,0.571
265,H1129TS248_4,0.8172823,0.8172823190689087,0.0027222222222222,0.0,1e-05,1e-05,0.6339090301003344,-374.572,0.153,0.549,-374.572,0.153,0.549
266,H1129TS423_2,0.7558444,0.7558444142341614,0.0033162790697674,0.0,2e-05,2e-05,0.6262344816053511,-352.688,0.304,0.559,-352.688,0.304,0.559
267,H1129TS225_5,0.78709954,0.7870995402336121,0.0028166666666666,0.0,9e-05,9e-05,0.670298060200669,0.0,0.0,0.0,0.0,0.0,0.0
268,H1129TS180_3,0.8850615,0.885061502456665,0.0029749999999999,0.0,0.00066,0.00066,0.6936374581939799,-1129.212,0.066,0.586,-1129.212,0.066,0.586
269,H1129TS245_2,0.80374086,0.8037408590316772,0.0022679274411424,0.0,0.00034,0.00034,0.5079391638795986,17133.449,0.687,0.354,17133.449,0.687,0.354
270,H1129TS348_2,0.7593728,0.7593727707862854,0.0034967213114754,0.0,1e-05,1e-05,0.6376177926421405,-1304.787,0.23,0.56,-1304.787,0.23,0.56
271,H1129TS147_4,0.0,0.0,0.0025333333333333,0.0,0.00124,0.00124,0.6683127090301003,703.875,0.508,0.558,703.875,0.508,0.558
272,H1129TS180_4,0.8849893,0.884989321231842,0.0028722222222222,0.0,0.00382,0.00382,0.6947930769230769,-631.569,0.178,0.585,-631.569,0.178,0.585
273,H1129TS278_1,0.82109493,0.8210949301719666,0.0037666666666666,0.0,0.00207,0.00207,0.6978755183946489,-701.392,0.117,0.583,-701.392,0.117,0.583
274,H1129TS239_5,0.9195656,0.9195656180381776,0.0023356164383561,0.0,0.03333,0.03333,0.6887214046822742,534.932,0.511,0.568,534.932,0.511,0.568
275,H1129TS494_3,0.5996621,0.578477233884656,0.0016374999999999,0.0,0.00085,0.0008199711607786,0.5699006354515049,1329.655,0.691,0.599,1282.6808868060562,0.6665883201153568,0.5778385003604902
276,H1129TS188_3,0.7676581,0.7676581144332886,0.0044307692307692,0.0,0.0,0.0,0.6471978595317726,-390.233,0.223,0.552,-390.233,0.223,0.552
277,H1129TS165_5,0.37659726,0.3765972554683685,0.0012227272727272,0.0,0.00165,0.00165,0.6106316053511706,-1073.301,0.263,0.576,-1073.301,0.263,0.576
278,H1129TS239_2,0.92117494,0.921174943447113,0.0022846153846153,0.0,0.04492,0.04492,0.6902903010033444,296.438,0.465,0.567,296.438,0.465,0.567
279,H1129TS037_1,0.90958065,0.909580647945404,0.0021947916666666,0.0,0.0942,0.0942,0.6683914046822742,2302.402,0.666,0.613,2302.402,0.666,0.613
280,H1129TS398_5,0.7845947,0.784594714641571,0.0026189655172413,0.0,0.00056,0.00056,0.59604745819398,-1904.581,0.095,0.568,-1904.581,0.095,0.568
281,H1129TS119_1,0.76319927,0.7631992697715759,0.0009555555555555,0.0,4e-05,4e-05,0.6596488294314382,0.0,0.0,0.0,0.0,0.0,0.0
282,H1129TS205_1,0.7456639,0.7456638813018799,0.0026866666666666,0.0,0.0,0.0,0.6661772240802675,-1373.216,0.225,0.558,-1373.216,0.225,0.558
283,H1129TS298_1,0.767185,0.7671849727630615,0.0026791666666666,0.0,6e-05,6e-05,0.652164414715719,-494.924,0.241,0.559,-494.924,0.241,0.559
284,H1129TS239_3,0.9141088,0.9141088128089904,0.0022130952380952,0.0,0.02754,0.02754,0.6806009364548495,48.124,0.43,0.57,48.124,0.43,0.57
285,H1129TS320_4,0.7875644,0.7875643968582153,0.0028166666666666,0.0,9e-05,9e-05,0.670298060200669,0.0,0.0,0.0,0.0,0.0,0.0
286,H1129TS333_1,0.85610884,0.8561088442802429,0.0,0.0,0.0,0.0,0.5088186287625418,0.0,0.0,0.0,0.0,0.0,0.0
287,H1129TS374_5,0.7647809,0.7647808790206909,0.0031233333333333,0.0,3e-05,3e-05,0.6776741806020067,-221.613,0.326,0.567,-221.613,0.326,0.567
288,H1129TS245_1,0.78496164,0.7849616408348083,0.005820103626943,0.0,0.00137,0.00137,0.5861576923076923,0.0,0.0,0.0,0.0,0.0,0.0
289,H1129TS348_4,0.7338742,0.7338742017745972,0.0023378787878787,0.0,1e-05,1e-05,0.6424319732441472,-1159.565,0.243,0.547,-1159.565,0.243,0.547
290,H1129TS257_1,0.74722415,0.7472241520881653,0.0013074498567335,0.0,0.00023,0.00023,0.5767716053511706,3766.705,0.576,0.54,3766.705,0.576,0.54
291,H1129TS399_1,0.76102424,0.7610242366790771,0.0031238095238095,0.0,0.0,0.0,0.660957491638796,-1573.313,0.076,0.548,-1573.313,0.076,0.548
292,H1129TS234_4,0.50105256,0.5010525584220886,0.002590625,0.0,0.00131,0.00131,0.6183380267558528,-546.67,0.186,0.548,-546.67,0.186,0.548
293,H1129TS298_3,0.75438976,0.754389762878418,0.0026607142857142,0.0,0.0,0.0,0.6885102006688963,-758.225,0.13,0.55,-758.225,0.13,0.55
294,H1129TS367_4,0.7963468,0.7963467836380005,0.0025368421052631,0.0,0.00034,0.00034,0.7070366555183947,-961.233,0.145,0.578,-961.233,0.145,0.578
295,H1129TS131_2,0.7902959,0.7902958989143372,0.0017222222222222,0.0,9e-05,9e-05,0.629976220735786,-746.572,0.058,0.566,-746.572,0.058,0.566
296,H1129TS225_2,0.8228125,0.8228124976158142,0.0006035614913745,0.0,0.03049,0.03049,0.5094453846153846,23216.509,0.772,0.429,23216.509,0.772,0.429
297,H1129TS215_3,0.76725036,0.7672503590583801,0.0,0.0,0.0,0.0,0.5102827424749165,-86.137,0.088,0.552,-86.137,0.088,0.552
298,H1129TS439_4,0.9326031,0.932603120803833,0.0020844444444444,0.0,0.02336,0.02336,0.6782516387959866,468.326,0.502,0.57,468.326,0.502,0.57
